Metric,IHRA Improvement,JDA Improvement
Precision,0.09904008158198108,0.07758348072538197
Specificity,-0.31563261988620966,-0.3391282438901486
False Positive Rate,-0.5825,-0.7816492450638791
F0.5 Score,0.14624890859023443,0.13971213037401217
F1 Score,0.25595452750158826,0.2831520081342147
Recall,0.7952380952380953,0.9697508896797155
